Species_name	min_genome_size	max_genome_size	min_gc_content	max_gc_content
bsubtilis	3800409	4462859	0.327488096036544	0.49842489463703
efaecalis	2603681	3688339	0.332327639349304	0.489093927210164
paeruginosa	5287059	7756224	0.479896454674524	0.68605510128337
sagalactiae	1790578	2462100	0.338990778508745	0.42
scanis	2045931	2408692	0.383770076652795	0.398601938655298
sdysgalactiae	2015589	2632962	0.354343283093701	0.417870298306446
spyogenes	1327684	2019649	0.347995691347301	0.476967947855035
